Workbook

Sheet 공부계획
A1: 클로드코드 7일 공부 계획표
A2: 교재: 유튜브 영상 https://www.youtube.com/watch?v=2R-kUFv7GZg · 1·2단계 완료, 3단계부터 · 하루 60분
A3: 시작 날짜 | B3: 46321 | D3: 사용법: 노란 칸(시작 날짜, 완료, 메모)만 고치세요. 완료 칸에서 O를 고르면 초록색으로 바뀌어요.
A5: 일차 | B5: 날짜 | C5: 단계 | D5: 주제 | E5: 영상 구간 | F5: 할 일 | G5: 시간(분) | H5: 완료 | I5: 메모
A6: 1일차 | B6: =$B$3+0 -> 46321 | C6: 3단계 | D6: CLAUDE.md | E6: 15:04~ (약 7분) | F6: 영상 보기: CLAUDE.md 부분 | G6: 10
F7: 2단계 복습: 플랜 모드로 '이 저장소에 뭘 만들지' 계획만 세워 보기 | G7: 10
F8: /init 으로 이 저장소의 CLAUDE.md 만들기 | G8: 20
F9: CLAUDE.md에 나만의 규칙 3개 넣고 (예: 답변은 한국어로) 효과 확인하기 | G9: 20
A10: 2일차 | B10: =$B$3+1 -> 46322 | C10: 3단계 | D10: 스킬·문서 파일 | E10: ~28:05 (약 6분) | F10: 영상 보기: 스킬·문서 파일 부분 | G10: 10
F11: 자주 시킬 일 하나를 스킬로 만들기 (예: '오늘 배운 것 정리') | G11: 25
F12: 1~3단계 요약 노트를 Word나 PDF 파일로 만들게 하기 | G12: 20
F13: 오늘 배운 것 한 줄 메모 | G13: 5
A14: 3일차 | B14: =$B$3+2 -> 46323 | C14: 4단계 | D14: 커넥터·API·조사 | E14: 28:05~39:57 (12분) | F14: 영상 보기: 4단계 전체 | G14: 15
F15: 커넥터 써 보기: 이 계획표를 구글 캘린더나 Todoist에 넣기 | G15: 20
F16: API 키가 뭔지, 어디에 보관해야 안전한지 정리하기 | G16: 10
F17: 관심 주제로 웹 조사시키고, 출처 2개 직접 열어 확인하기 | G17: 15
A18: 4일차 | B18: =$B$3+3 -> 46324 | C18: 5단계 | D18: 에이전트·훅 | E18: 39:57~45:52 (6분) | F18: 영상 보기: 5단계 전체 | G18: 10
F19: 서브에이전트 하나 만들기 (예: 내 글을 검토하는 '리뷰어') | G19: 25
F20: 훅 하나 설정하기 (예: 작업이 끝나면 알림 받기) | G20: 20
F21: 오늘 배운 것 한 줄 메모 | G21: 5
A22: 5일차 | B22: =$B$3+4 -> 46325 | C22: 6단계 | D22: 디자인·앱 만들기 | E22: 45:52~ (약 5분) | F22: 영상 보기: 디자인·앱 만들기 부분 | G22: 10
F23: 플랜 모드로 '공부 진도 체크 앱' 설계하기 | G23: 15
F24: 앱 만들기 | G24: 30
F25: 마음에 안 드는 변경 하나 되돌려 보기 (2단계 복습) | G25: 5
A26: 6일차 | B26: =$B$3+5 -> 46326 | C26: 6단계 | D26: 배포 | E26: ~56:05 (약 5분) | F26: 영상 보기: 배포 부분 | G26: 10
F27: 5일차 앱을 배포하고 휴대폰으로 열어 보기 | G27: 30
F28: 바뀐 내용을 커밋하고 GitHub에 푸시하기 | G28: 15
F29: 오늘 배운 것 한 줄 메모 | G29: 5
A30: 7일차 | B30: =$B$3+6 -> 46327 | C30: 7단계+정리 | D30: 원격 조종·예약 자동화 | E30: 56:05~끝 (약 5분) | F30: 영상 보기: 7단계, 깔 것 24개, 마무리, 1분 요약 | G30: 10
F31: 예약 작업 만들기 (예: 매일 아침 오늘 공부할 것 알려 주기) | G31: 20
F32: '깔 것 24개' 중 아직 안 깐 것 점검하기 | G32: 15
F33: 헷갈린 부분 3개 적고 해당 구간 다시 보기 | G33: 15
F34: 합계 | G34: =SUM(G6:G33) -> 420 | H34: =COUNTIF(H6:H33,"O")&"/"&COUNTA(F6:F33) -> 0/28

Sheet 진도요약
A1: 진도 요약
A3: 일차 | B3: 날짜 | C3: 주제 | D3: 계획 시간(분) | E3: 완료한 할 일 | F3: 전체 할 일 | G3: 진도율
A4: 1일차 | B4: =공부계획!$B$3+0 -> 46321 | C4: 3단계 CLAUDE.md | D4: =SUM(공부계획!G6:G9) -> 60 | E4: =COUNTIF(공부계획!H6:H9,"O") -> 0 | F4: =COUNTA(공부계획!F6:F9) -> 4 | G4: =IF(F4=0,0,E4/F4) -> 0
A5: 2일차 | B5: =공부계획!$B$3+1 -> 46322 | C5: 3단계 스킬·문서 파일 | D5: =SUM(공부계획!G10:G13) -> 60 | E5: =COUNTIF(공부계획!H10:H13,"O") -> 0 | F5: =COUNTA(공부계획!F10:F13) -> 4 | G5: =IF(F5=0,0,E5/F5) -> 0
A6: 3일차 | B6: =공부계획!$B$3+2 -> 46323 | C6: 4단계 커넥터·API·조사 | D6: =SUM(공부계획!G14:G17) -> 60 | E6: =COUNTIF(공부계획!H14:H17,"O") -> 0 | F6: =COUNTA(공부계획!F14:F17) -> 4 | G6: =IF(F6=0,0,E6/F6) -> 0
A7: 4일차 | B7: =공부계획!$B$3+3 -> 46324 | C7: 5단계 에이전트·훅 | D7: =SUM(공부계획!G18:G21) -> 60 | E7: =COUNTIF(공부계획!H18:H21,"O") -> 0 | F7: =COUNTA(공부계획!F18:F21) -> 4 | G7: =IF(F7=0,0,E7/F7) -> 0
A8: 5일차 | B8: =공부계획!$B$3+4 -> 46325 | C8: 6단계 디자인·앱 만들기 | D8: =SUM(공부계획!G22:G25) -> 60 | E8: =COUNTIF(공부계획!H22:H25,"O") -> 0 | F8: =COUNTA(공부계획!F22:F25) -> 4 | G8: =IF(F8=0,0,E8/F8) -> 0
A9: 6일차 | B9: =공부계획!$B$3+5 -> 46326 | C9: 6단계 배포 | D9: =SUM(공부계획!G26:G29) -> 60 | E9: =COUNTIF(공부계획!H26:H29,"O") -> 0 | F9: =COUNTA(공부계획!F26:F29) -> 4 | G9: =IF(F9=0,0,E9/F9) -> 0
A10: 7일차 | B10: =공부계획!$B$3+6 -> 46327 | C10: 7단계+정리 원격 조종·예약 자동화 | D10: =SUM(공부계획!G30:G33) -> 60 | E10: =COUNTIF(공부계획!H30:H33,"O") -> 0 | F10: =COUNTA(공부계획!F30:F33) -> 4 | G10: =IF(F10=0,0,E10/F10) -> 0
C11: 전체 | D11: =SUM(D4:D10) -> 420 | E11: =SUM(E4:E10) -> 0 | F11: =SUM(F4:F10) -> 28 | G11: =IF(F11=0,0,E11/F11) -> 0
A13: 이 시트는 자동 계산돼요. '공부계획' 시트의 완료 칸에 O를 고르면 진도율이 올라가요.
A14: 할 일은 영상 챕터 제목을 보고 정한 추천이에요. 영상 내용과 다르면 영상을 따르세요.
